id,date,content,score,app_id,topic
9f270b21-4415-4624-9c8d-809c1fc99258,2026-01-07 12:55:39,"highly recommended, foods are really good and service also, affordable ‚ò∫Ô∏è",5,in.swiggy.android,Uncategorized
a5bf8c5a-c5a5-4875-9bf0-f17f1b021e25,2026-01-07 12:55:01,üëç,4,in.swiggy.android,Uncategorized
054a5afd-4cfb-4c56-af07-07df489dc5a9,2026-01-07 12:51:31,that's good,5,in.swiggy.android,Uncategorized
9ce71ea3-756f-4f3a-aca9-9c97b651dfac,2026-01-07 12:44:39,exilent,5,in.swiggy.android,Uncategorized
414b241e-92ef-4198-9847-b0330324c5e8,2026-01-07 12:42:22,good,5,in.swiggy.android,Uncategorized
1ecde348-2d91-43fd-98e0-66367d58ed18,2026-01-07 12:39:12,please handling fee no üôè,3,in.swiggy.android,Pricing and Fees (including high charges)
4434e4a3-0301-4b56-b1b7-d50fa0aada0d,2026-01-07 12:38:48,good food delivery app,5,in.swiggy.android,Uncategorized
9fe832ec-c66b-473c-8f3d-f8acc3b3c1d5,2026-01-07 12:38:17,"Never purchased any expensive electronic items from Swiggy Instamart as they are sending duplicate/wrong items in original packaging. Moreover, their customer service is very pathetic. They never respond to your query. Please use other platforms rather than Swiggy.",1,in.swiggy.android,Product Quality (Food & Instamart)
746321ec-4ede-4fdf-871c-5e993d217d6a,2026-01-07 12:37:02,good üëçüèª,5,in.swiggy.android,Uncategorized
5df15c61-806e-4657-9547-aafa4907c442,2026-01-07 12:32:36,good,5,in.swiggy.android,Uncategorized
222f9f30-e7b6-438a-912c-381e3748ed4b,2026-01-07 12:29:22,good,5,in.swiggy.android,Uncategorized
ff884248-5d5a-4dce-ae80-41805083778e,2026-01-07 12:28:46,good,4,in.swiggy.android,Uncategorized
a5266599-ca17-4f06-a36c-082146460c8b,2026-01-07 12:23:06,"fraud committers = Swiggy Instamart. I ordered a box of pet food containing several packets. I checked and noted there were few packets missing in the box- when complained- i was told there is no proof to show ( they didn't even ask me for photos in the first place- just decided there is no proof by themselves) this so i cannot be issued a refund- ALLL SWIGGY CUSTOMER SUPPORT, EMPLOYEES, DELIVERY AGENTS ARE FRAUDSTERS - beware.",1,in.swiggy.android,Product Quality (Food & Instamart)
cec3719d-ece5-445d-a74d-72441e786504,2026-01-07 12:21:58,"I've been also facing the problem with Swiggy about an unresolved issue where I was charged twice for the same order. Despite contacting support multiple times, I have received only false assurances with no proper resolution.the lack of coordination has caused unnecessary delay and frustration. they just don't take customer complaint seriously and just ask to wait.",1,in.swiggy.android,Pricing and Fees (including high charges)
2bb85e78-7695-4d95-b0da-1e1a78c16ff5,2026-01-07 12:19:43,good,5,in.swiggy.android,Uncategorized
58800754-d6ef-4485-a323-1ad8994c9613,2026-01-07 12:14:12,good,5,in.swiggy.android,Uncategorized
db4ac938-4c9e-4ad8-b183-9d2ef783ef01,2026-01-07 12:10:20,super,5,in.swiggy.android,Uncategorized
6c975b52-17ab-486a-a5c6-82fe8eea198a,2026-01-07 11:58:21,very bad cold food,1,in.swiggy.android,Product Quality (Food & Instamart)
d7d719e2-5a8f-4195-8d4f-55e2b1bc9fe7,2026-01-07 11:56:44,verry poor experience with the Swiggy policies atleast for prepaid services the second you place an order with prepaid amount they do let you modify anything especially address and they ask 100% cancellation of money can you imagine who charge 100% of money . and on top of that their support is worst they do nothing do not provide any solution wastage of time . and they lie about solutions,1,in.swiggy.android,Cancellation Difficulties
38427d3d-f51c-4f21-9524-e913db3daba7,2026-01-07 11:53:15,nice super excellent Morris good,5,in.swiggy.android,Uncategorized
5d128048-9ea9-4716-8d1f-59a3adf511ba,2026-01-07 11:53:00,yesss it's very good,5,in.swiggy.android,Uncategorized
28421e96-7874-4d38-aa5c-c61d41a9da3b,2026-01-07 11:52:55,good,4,in.swiggy.android,Uncategorized
069ae948-475f-46d3-815d-504dbc360cea,2026-01-07 11:44:45,its getting too bad gst and delivery charges are getting too much highüò°,1,in.swiggy.android,Pricing and Fees (including high charges)
2e5c0d37-b049-4352-a650-ecb01f94184c,2026-01-07 11:43:14,more offers needed,2,in.swiggy.android,Uncategorized
73e65137-f21b-44da-9e76-91447044879e,2026-01-07 11:27:37,the time is totally fake,1,in.swiggy.android,Delivery Problems (Time & Accuracy)
eef221e2-b1eb-44ff-baae-fd52d29313f8,2026-01-07 11:26:45,goodüëç,4,in.swiggy.android,Uncategorized
7a33cdc9-6d6b-4a32-b395-d5b575c2f062,2026-01-07 11:26:14,very bad customer service,1,in.swiggy.android,Customer Service Issues
5ea60f41-1817-4057-b18a-bb8e1dfbffa6,2026-01-07 11:12:07,This app is so bad I have ordered meal from McDonald's then delievery boy came and give me colddrink and when I have complain they are giving me ‚Çπ60 coupon and I have ordered my meal at ‚Çπ605 They are doing fraud.,1,in.swiggy.android,Delivery Problems (Time & Accuracy)
32169196-1e17-4d21-bd7a-41243363e4c0,2026-01-07 11:11:35,good app,4,in.swiggy.android,Uncategorized
aa6d3e65-3107-40f3-9453-73e0849b3196,2026-01-07 11:10:12,good,5,in.swiggy.android,Uncategorized
168cf475-5b24-4f84-b91f-df256324c7de,2026-01-07 10:56:10,gud,5,in.swiggy.android,Uncategorized
8be1730f-ee99-4c98-bf08-366d8f622cae,2026-01-07 10:54:29,very sad,1,in.swiggy.android,Uncategorized
627b5946-cf04-4c82-93aa-c03de2bc607d,2026-01-07 10:28:37,good very good,5,in.swiggy.android,Uncategorized
56bf8010-5017-436c-a316-67cd6dda9fd3,2026-01-07 10:21:54,perfect üëçüëçüëç,4,in.swiggy.android,Uncategorized
2943cb6e-bdda-457f-9a5b-8fc620f4f180,2026-01-07 10:18:55,achha app,5,in.swiggy.android,Uncategorized
946031b9-6ec3-405e-bb04-3584c24d12ae,2026-01-07 10:09:51,yes hai bhai,5,in.swiggy.android,Uncategorized
1d3834d8-f764-4a83-983a-c98329438139,2026-01-07 09:58:41,"I faced the same issue twice, on email Support team just asked me to rate the restaurant instead of resolving the problem.",1,in.swiggy.android,Customer Service Issues
cda666f4-f560-415c-8aac-f91bd196b7b4,2026-01-07 09:52:07,WORST APPLICATION EVER.. THE LOCATION WILL BE CHANGE BY APP DEVLOPER AND SELECT YOUR ADDRESS AS WRONGLY.. EVEN IF YOU SELECT CORRECT LOCATION BY GPS.. AND THEY MAKE MONEY LIKE THIS.. CUSTOMER SHOULD BARE PENALTY CHARGES AS TOTAL BILL.,1,in.swiggy.android,App Performance & Technical Bugs
6cd9c757-a2c1-43fe-9d5f-1d7b942afad9,2026-01-07 09:39:09,It was a mistake to take its subscription.,1,in.swiggy.android,Uncategorized
f3114b11-2812-4988-a66c-322357bd594a,2026-01-07 08:34:32,bad service,1,in.swiggy.android,Customer Service Issues
a4cbf84a-59a5-4f40-b691-3ba321770d4b,2026-01-07 08:30:57,Worst app...even worse customer service. They don't even allow to modify or alter items in order. While their competitors are allowing to alter the items in order while it's being packed.... Also it was asking me a cancellation fee of 194 rupees. Never gonna use this App again üòë,2,in.swiggy.android,App Performance & Technical Bugs
46923086-1243-4759-9a1f-ffb2f5d63135,2026-01-07 07:49:42,good itam,5,in.swiggy.android,Uncategorized
b14be6f1-b3f9-4992-b25a-072b33cb660a,2026-01-07 07:35:10,worst app ever . I have ordered breakfast and in an emergency I'm moving from that place so I cancelled the order. nd Swiggy was charged 159 my total order amount as cancellation fee. it's not correct. I used to have a very good opinion on this app but not it's worst app ever. I thought my money will be refunded back but no . ü§¨,1,in.swiggy.android,Cancellation Difficulties
71122626-ad68-4e84-8223-9a44445edf8a,2026-01-07 07:05:33,"Frequent order mistakes, unhelpful customer support. Food deliveries are unreliable at night. Which is the whole fkn point of a delivery app.",1,in.swiggy.android,Delivery Problems (Time & Accuracy)
7ab06f7f-f83f-4ba1-9bc7-8ec73638b6ae,2026-01-07 06:25:23,good to,5,in.swiggy.android,Uncategorized
5300a5fd-377a-4b64-b6a6-022334f0d5ef,2026-01-07 05:05:47,good,2,in.swiggy.android,Uncategorized
b8cc73cd-b3dd-4023-9668-e7bfd3542952,2026-01-07 04:53:30,I love swiggy,5,in.swiggy.android,Uncategorized
b3244353-993d-4110-aa55-df93abf08b14,2026-01-07 04:48:58,‚ù£Ô∏è‚ù£Ô∏è,5,in.swiggy.android,Uncategorized
854bc3bf-2fb0-4417-b2f3-e6d7e68e2f2d,2026-01-07 04:43:44,good,5,in.swiggy.android,Uncategorized
decfd3d3-acc6-4e7c-bf34-b4380290415b,2026-01-07 03:21:57,bhaiyo swigg maat krna kabhi mare ek din me 2 order cancel hue hai vo bhi almost 2hr wait krvane ke baad ek me to delivery partner bhi assest ho gya tha fir bhi cancel hue hai 2 gante wait krvaya hai Zomato thik hai is se to kahi jada hai ager delivery partner nhi hai to order kyu accept karvate hai or fir uske baad 2 gante wait karvate hai,1,in.swiggy.android,Cancellation Difficulties
e5b9ef47-a45f-4092-8387-8a2c606cfc0d,2026-01-07 03:03:04,good üëç,5,in.swiggy.android,Uncategorized
aa144051-ba23-40d4-9584-40a0aa8b5edd,2026-01-07 02:59:40,good price hy,5,in.swiggy.android,Pricing and Fees (including high charges)
f4ebc25b-2614-4a78-b421-b82613af401c,2026-01-07 02:57:00,great üëç,4,in.swiggy.android,Uncategorized
67fd9cd1-9cbe-4cd0-be50-379de8cf6a3c,2026-01-07 02:47:57,very good üëçüèª,5,in.swiggy.android,Uncategorized
c51af919-1fdf-4e87-b6a5-61a5a776f32c,2026-01-07 02:36:00,poor service,1,in.swiggy.android,Customer Service Issues
6b549437-2102-44de-a8c8-4ccaab134423,2026-01-07 02:28:20,good,5,in.swiggy.android,Uncategorized
ae02c6d4-8ad4-4569-8e7a-99f727f92e3c,2026-01-07 02:24:54,application good delivery good but Swiggy service totaly bad my issue not resolved,1,in.swiggy.android,Customer Service Issues
a2feafed-b7b8-495f-af40-4538b9f2ba66,2026-01-07 02:17:53,good responce,5,in.swiggy.android,Uncategorized
5647f3fc-3390-41f2-a7f4-d8696f21d791,2026-01-07 02:14:11,good but charges high.,4,in.swiggy.android,Pricing and Fees (including high charges)
6a485867-c933-474a-9655-fe0b6757a54b,2026-01-07 02:04:32,very best foody app,5,in.swiggy.android,Uncategorized
e7809260-5c01-4d96-a3c6-14a22a584d3b,2026-01-07 02:03:59,wrost Customer support,1,in.swiggy.android,Customer Service Issues
b18c81fc-acc8-4c46-852b-399e0b5a7371,2026-01-07 02:01:53,best food aap,1,in.swiggy.android,Uncategorized
d5865a16-4eed-4852-9bc8-2d27a5539a5d,2026-01-07 01:56:01,Blocked my account for unknown reasons. No review or help provided. Switching to zomato,1,in.swiggy.android,Customer Service Issues
62e1f1aa-1589-4b56-989d-b3c9b1a0d330,2026-01-07 01:51:51,‡§ó‡•Å‡§°,5,in.swiggy.android,Uncategorized
e9c0264a-8766-4a1a-a780-45605654df27,2026-01-07 01:50:23,good,5,in.swiggy.android,Uncategorized
6fb42c6d-24eb-454b-8407-25565163f3be,2026-01-07 01:47:19,good,3,in.swiggy.android,Uncategorized
a77ca8bc-6f83-4d72-bf8e-c8e69bba2bae,2026-01-07 01:44:42,osm,5,in.swiggy.android,Uncategorized
99bdb0c1-6031-429c-896d-1a051faa144b,2026-01-07 01:42:40,good üëçüòä,5,in.swiggy.android,Uncategorized
2c11c8d2-71c2-403a-b91b-e4af1448d4eb,2026-01-07 01:40:42,"worst experience üòûI have already deleted the Swiggy app from my mobile phone and from my family members‚Äô mobile phones as well.I like Swiggy very much, and I have purchased most of my gadgets through Swiggy. Thank you for supporting me over the past few years, but now I feel it was bad and waste.‚Äù Thank you....üôè",1,in.swiggy.android,Uncategorized
822a0512-d136-4bfb-b161-1e3c49a35e3a,2026-01-07 01:36:51,"9:49 PM I ordered Food, , 2 hours 1 minute later, the order was cancelled. 11:51 PM The amount was refunded. When I called customer care for the first time, the delivery person did not pick the call. They said they I will arrange another delivery partner for you. The second delivery partner, called me and already picked up your order someone , So what should I do? I called customer care no response worst experience Swiggy ,uninstall Swiggy bye byeee",1,in.swiggy.android,Delivery Problems (Time & Accuracy)
ef95ff1f-fa61-4866-92ad-f225110e4def,2026-01-07 01:25:00,done,3,in.swiggy.android,Uncategorized
55cc9747-43ad-4466-aa7c-e32577dc3352,2026-01-07 01:24:58,super,5,in.swiggy.android,Uncategorized
40b531be-4a98-4d3c-ab52-01afb1dda501,2026-01-07 01:19:17,thankyou,5,in.swiggy.android,Uncategorized
7cd674e5-1a14-4051-9021-050546fe07c5,2026-01-07 01:01:39,it's so cool,5,in.swiggy.android,Uncategorized
f3551c60-3a0f-41ee-a1a0-53e8cdcac1e0,2026-01-07 00:58:59,"WORST APP EVER. OPENLY SCAMMING. SO MANY TIMES THE ITEMS IN MY ORDER WERE MISSING, OR WRONG ITEMS WERE SENT, OR ITEMS WERE SPILLED ETC, BUT THEY DIDNOT GAVE ANY REFUND!!!! THEY ARE TAKING MONEY WITHOUT GIVING ANY FOOD!!!!THEY TOLD ME THAT WE WILL MAIL YOU BACK IN 3 DAYS BUT NO MAIL CAME ALSO. SWIGGY NOW IS JUST PURE SCAM. I AM FILING AN OFFICIAL COMPLAINT TO NATIONAL CONSUMER HELPLINE (NCH). THESE PEOPLE ARE OPENLY SCAMMING NOW!!",1,in.swiggy.android,Product Quality (Food & Instamart)
90f659ea-156b-4a1d-a51e-9e2cdbdc04f5,2026-01-07 00:58:31,o no,4,in.swiggy.android,Uncategorized
1e8429aa-4dce-4452-a85e-2189c3d11694,2026-01-07 00:57:59,I recently realised why people like zomato more. Swiggy will keep you hungry at the time of crisis with no proper customer support.,1,in.swiggy.android,Customer Service Issues
eaf810a1-2c47-445c-bfa0-3488a6d632d8,2026-01-07 00:55:04,good,3,in.swiggy.android,Uncategorized
11a973ff-0593-4a85-a445-47adec6101d7,2026-01-07 00:52:56,good,5,in.swiggy.android,Uncategorized
384c2b7f-1235-4e9c-9393-f8568d2cea53,2026-01-07 00:50:51,good service,5,in.swiggy.android,Uncategorized
0c719598-4b07-4239-9ba7-7a8c80176838,2026-01-07 00:44:17,excellent üëå,5,in.swiggy.android,Uncategorized
d7ab702a-0070-4aa6-9a0e-eede2d9758ec,2026-01-07 00:28:33,gpod,5,in.swiggy.android,Uncategorized
f734d2bd-21fc-4f1d-946f-0d5e593b118b,2026-01-07 00:28:25,good üëçüèªüòä,5,in.swiggy.android,Uncategorized
64d9c678-63d5-4385-af6b-30d83005706b,2026-01-07 00:27:38,good,5,in.swiggy.android,Uncategorized
07c337fb-b44c-41ca-b59d-ce76eae5260b,2026-01-07 00:19:07,please do not buy anything on this platform it's all cheating and fraud üò≠,1,in.swiggy.android,Uncategorized
ed579eb3-9f97-481b-89ce-b85389fed212,2026-01-07 00:18:38,fake,1,in.swiggy.android,Uncategorized
6684a88c-89c5-40ec-af1e-5258c33fa601,2026-01-07 00:17:50,must,1,in.swiggy.android,Uncategorized
4471e6f5-1fb8-40cf-b185-43ad1450ad9f,2026-01-07 00:12:30,very nice food and very nice delivery,5,in.swiggy.android,Uncategorized
68511bf7-3a3f-486b-891a-f0751354aab8,2026-01-07 00:10:26,that very best service in our world,5,in.swiggy.android,Uncategorized
6b64b9c2-37ab-4e10-ae4a-5c3d0e1f1fec,2026-01-07 00:07:55,okay good üëçüèª,1,in.swiggy.android,Uncategorized
83723e57-28f1-4c0f-b592-52baf6c92428,2026-01-07 00:06:23,order received tooo let,1,in.swiggy.android,Delivery Problems (Time & Accuracy)
81c0fd85-9ccb-47d7-834f-342470f833bf,2026-01-07 00:05:32,peisa lut ne ki masi. he,1,in.swiggy.android,Uncategorized
1805d9cc-7beb-4946-a2dd-6f000822cf9d,2026-01-07 00:04:13,great,5,in.swiggy.android,Uncategorized
347462f2-1a1e-418f-9112-332e341d51a0,2026-01-06 23:54:57,maha ke jhaatuu hai ye log ye log chor hai is app ko jald uninstall kro,1,in.swiggy.android,Uncategorized
69841b75-b7a9-45d7-b477-e6331a73e7fd,2026-01-06 23:54:10,this is worst app sometimes delivery person mussbehave and sometimes they don't come in time sometimes they take someone else order in my adress,1,in.swiggy.android,Delivery Problems (Time & Accuracy)
b6b884c7-d77f-4f7d-b08d-3d91202c2a8d,2026-01-06 23:53:17,"i just can't express i much i have suffered every time i had ordered anything from here. the frustration is so real that today i just told myself "" bhool kr b Swiggy use nahi krna"" you guys make the customers wait for an hour just to cancel the order when you can't find the delivery partner. just close the app if you can't give a good service. you always ruin my day.",1,in.swiggy.android,Uncategorized
b0e1d2e5-e3a5-4aca-996e-3396cfad5b0b,2026-01-06 23:52:42,"nice work ,",4,in.swiggy.android,Uncategorized
518a5866-aeac-44bd-837b-eac262492323,2026-01-06 23:48:27,they won't deliver your order on time even though you are a one black customer. i pissed off with their service there is no option to give negative starts that's why I am giving 1 star,1,in.swiggy.android,Delivery Problems (Time & Accuracy)
d60430bb-a160-40a4-b7ec-1a78c9fbdd19,2026-01-06 23:46:34,super,5,in.swiggy.android,Uncategorized
bfb8d67f-227e-4ac7-9d86-d039c26283a1,2026-01-06 23:42:49,good,5,in.swiggy.android,Uncategorized
5e5e2b88-c07e-4f14-9651-2b55d0290ff4,2026-01-06 23:39:13,good,5,in.swiggy.android,Uncategorized
cc6a2cfe-76dc-4c5c-940b-3cb3ea755001,2026-01-06 23:38:20,Pathetic Service Support,1,in.swiggy.android,Customer Service Issues
7d1ddc9c-ee7b-4c2c-badf-34920b57c1bc,2026-01-06 23:37:25,good service..,4,in.swiggy.android,Uncategorized
6e0ce73b-63d2-4b11-8ca4-063c10d2bd88,2026-01-06 23:35:49,Nice,5,in.swiggy.android,Uncategorized
f72e6732-c5cd-4b74-8d24-9b9935b6ab83,2026-01-06 23:30:40,üçÅ,3,in.swiggy.android,Uncategorized
57a003bf-bb1b-4817-8308-80ea0ad0f182,2026-01-06 23:30:39,Best,5,in.swiggy.android,Uncategorized
991494cf-221c-4f2e-91f1-6ab73bf04468,2026-01-06 23:30:30,best,5,in.swiggy.android,Uncategorized
344d1315-c929-4bb0-9f87-7e22cc04038c,2026-01-06 23:26:36,good,5,in.swiggy.android,Uncategorized
2fb87b01-3d9f-4736-b0fd-e64184431250,2026-01-06 23:23:46,very good,3,in.swiggy.android,Uncategorized
32c11251-35ed-4ef7-959a-abb69019275a,2026-01-06 23:23:34,good,3,in.swiggy.android,Uncategorized
f64f731c-6b2a-4ea0-8933-b07ac61d209e,2026-01-06 23:22:41,extra charge,1,in.swiggy.android,Pricing and Fees (including high charges)
8325f93e-87b3-472c-89eb-fef5dfccf1bb,2026-01-06 23:20:02,thanks swiggy,4,in.swiggy.android,Uncategorized
13f8e4db-7401-4a3e-8bd8-e37052f7d731,2026-01-06 23:18:18,Lakhimpur walo iss app ka use na krna,1,in.swiggy.android,Uncategorized
1622a1ba-3e28-41c8-99fe-26393a1803b5,2026-01-06 23:17:28,good,5,in.swiggy.android,Uncategorized
d78de4e4-e639-4f8f-99b9-5564cb7c6799,2026-01-06 23:17:17,goodüëçüèª,5,in.swiggy.android,Uncategorized
771174fa-564e-4372-995f-659f31f3f7be,2026-01-06 23:16:52,nice and managed,5,in.swiggy.android,Uncategorized
f730d4d7-f93a-4f51-99f6-4492b263ddbe,2026-01-06 23:16:01,super,5,in.swiggy.android,Uncategorized
cdeeb9ad-11b2-4260-8eed-ac7c75b8549f,2026-01-06 23:15:54,VERI NICE AMERJENCY HUNGER,5,in.swiggy.android,Uncategorized
a2ce42a2-1d16-4c7a-8106-0e57c18d2453,2026-01-06 23:15:11,amazing ü§©,5,in.swiggy.android,Uncategorized
882b9520-812f-4f76-9d1a-044bce4b900d,2026-01-06 23:13:50,super Mario,5,in.swiggy.android,Uncategorized
e0220c28-f0ba-426b-b9d2-f1328d6b771c,2026-01-06 23:09:36,niceüòùüòùüòùüòùüòù,5,in.swiggy.android,Uncategorized
b599434d-dfba-4195-9e29-02b46083b59f,2026-01-06 23:06:20,best app,5,in.swiggy.android,App Performance & Technical Bugs
d4d71910-4178-4976-97e6-a375e67673db,2026-01-06 22:59:39,too much bad experience batter right now zomato,1,in.swiggy.android,Uncategorized
cf9ef0e7-5b32-450b-bd36-4b8f5bf1974f,2026-01-06 22:58:39,ü´∂üëç,5,in.swiggy.android,Uncategorized
ba37059f-78d7-4218-be7b-c87ad080826b,2026-01-06 22:58:26,worst experience....have to wait for 1hr and more for food to get delivered....does not assign the delivery partner fast.... executive don't even respond,1,in.swiggy.android,Delivery Problems (Time & Accuracy)
aa408056-c8a7-4bde-b44f-39d0f8922211,2026-01-06 22:58:19,its good üòä,4,in.swiggy.android,Uncategorized
6e5f4efa-86da-4a4c-8e1a-e183042a1b12,2026-01-06 22:56:33,10 minutes time,5,in.swiggy.android,Uncategorized
e8c8a8c3-320c-450d-8f32-79c68eeca6c8,2026-01-06 22:54:05,very nice,1,in.swiggy.android,Uncategorized
8d4ff9b0-38d6-41de-b1b5-9d7b8a3307c3,2026-01-06 22:53:10,good,5,in.swiggy.android,Uncategorized
35f55439-04ad-4811-8386-91eaf0cf89a3,2026-01-06 22:50:40,ok,5,in.swiggy.android,Uncategorized
0082a353-1f04-47fc-820a-dc91a6b83303,2026-01-06 22:49:53,"useless app, in sharing order option it literally delayed my order by 2 hours. Zomato is 100 times better than this",1,in.swiggy.android,Delivery Problems (Time & Accuracy)
00acb9a9-a7bc-4384-aff1-4f30b80ae9d8,2026-01-06 22:49:43,good working üëç,4,in.swiggy.android,Uncategorized
f4d17818-08a8-45ba-bd39-aa786b6ef72e,2026-01-06 22:48:44,gud,5,in.swiggy.android,Uncategorized
0e0a9838-d97b-439f-a691-ac003bf24348,2026-01-06 22:37:23,nice üëçüëçüëç,5,in.swiggy.android,Uncategorized
49f538ec-b791-47f5-a729-b5bc6bc90577,2026-01-06 22:35:09,great,5,in.swiggy.android,Uncategorized
ffbd6063-9a69-4bf2-af34-827bb53b8556,2026-01-06 22:32:05,waste swiggy ü§Æü§Æ don't order swiggy Maine order diya tha 9: 30 ko abhi tak receive nahin hua 10:31 clock aur vahan per bola tha tumhara order 30 minut mein deliver ho jaega waste of swiggy ü§Æ,1,in.swiggy.android,Delivery Problems (Time & Accuracy)
52dfb28f-0ddd-4c94-bab0-a892816f5a72,2026-01-06 22:28:45,worst worst experience they treat customers like thier slaves,1,in.swiggy.android,Customer Service Issues
288ac083-291d-4981-b9ad-fba1c83c09ec,2026-01-06 22:26:43,"Its pathetic, do not use it, no resposibility.",1,in.swiggy.android,Uncategorized
7291825a-d151-4631-9700-6d6381f423ef,2026-01-06 22:20:43,good quality,5,in.swiggy.android,Product Quality (Food & Instamart)
f28e3083-961e-49c2-8149-41abecb06e5b,2026-01-06 22:18:56,nice üëç,5,in.swiggy.android,Uncategorized
cd85c4f7-c6db-4637-b731-e36bad1687ad,2026-01-06 22:18:56,worst service and worst customer care,1,in.swiggy.android,Customer Service Issues
bcc144e3-3d8e-4985-b084-b62aa402ae41,2026-01-06 22:18:36,very poor service.....after waiting you people cancelled order....,1,in.swiggy.android,Cancellation Difficulties
b2a9ed8a-c343-4fa9-a41b-fa5936895168,2026-01-06 22:14:53,yery nice üëçüëçüëçüëç God bless you,5,in.swiggy.android,Uncategorized
d7635efb-9438-4059-aa78-3160712362b3,2026-01-06 22:14:13,good üëç,5,in.swiggy.android,Uncategorized
c377e238-5cb0-4f4f-9b20-a9688e2749e5,2026-01-06 22:13:51,good,5,in.swiggy.android,Uncategorized
b87718b7-e589-4ffa-adf1-8aca05b7426a,2026-01-06 22:12:08,mast hai guys,5,in.swiggy.android,Uncategorized
b411d8af-be6a-4abd-afe3-0a5ed934a662,2026-01-06 22:11:13,good,5,in.swiggy.android,Uncategorized
b079090a-1758-424d-a29d-e9b8ac271da5,2026-01-06 22:09:14,I will never use it again in the future too much delay order rider told me order not ready that is a reason for the delay.,1,in.swiggy.android,Delivery Problems (Time & Accuracy)
8ddc7992-e9eb-4844-90df-42ccf088d45d,2026-01-06 22:09:09,very good,5,in.swiggy.android,Uncategorized
18cff116-a494-47e3-86d6-9f5603fc74f1,2026-01-06 22:08:38,good,5,in.swiggy.android,Uncategorized
bc4fa722-5691-4ca6-ba19-24eeaa2c2d1a,2026-01-06 22:08:10,Good,5,in.swiggy.android,Uncategorized
b86135b0-e519-4f8d-89f2-8f3d2e54877f,2026-01-06 22:06:16,good job üëè,5,in.swiggy.android,Uncategorized
1ca9cace-43c2-4285-a138-8c079f08eed9,2026-01-06 22:05:53,nice,4,in.swiggy.android,Uncategorized
97f257de-1768-4c8d-9390-9baceee6f469,2026-01-06 22:03:34,came back to give a bad review and guess what i had done it already in 2022 stupid app with bugs and worst customer service,1,in.swiggy.android,App Performance & Technical Bugs
6a61a1f2-c558-41cc-8e9e-a79b7923926f,2026-01-06 22:03:22,awesome,5,in.swiggy.android,Uncategorized
6d88c02b-7787-4429-a53b-ffd887782c0e,2026-01-06 22:02:40,good üëçüèª,3,in.swiggy.android,Uncategorized
7efcff53-e885-45a1-ba50-d127bffcd641,2026-01-06 22:02:13,time 9 call Swiggy life ka line,4,in.swiggy.android,Uncategorized
440096fe-dc5a-4795-b663-79cff50f8c7e,2026-01-06 21:59:38,excellent,5,in.swiggy.android,Uncategorized
3665a706-3bac-4cfc-9ba1-5f9f10c29379,2026-01-06 21:58:42,good,5,in.swiggy.android,Uncategorized
c78e01e4-0595-4b9b-9cda-a2103bc20d1a,2026-01-06 21:57:46,wow,4,in.swiggy.android,Uncategorized
fe171f2a-dcf7-4506-84e4-47ae2b50aa3c,2026-01-06 21:57:37,awesome,5,in.swiggy.android,Uncategorized
0309dff4-c918-4b60-ac23-26286d218fdd,2026-01-06 21:57:06,worst experience prices are very higher,1,in.swiggy.android,Pricing and Fees (including high charges)
4c0b5dc6-f10d-4e63-a618-29d4bcc9a032,2026-01-06 21:53:34,goodüëç,4,in.swiggy.android,Uncategorized
e2e45bc8-2848-44c3-a9f2-d8d38cc1b51f,2026-01-06 21:52:08,good,5,in.swiggy.android,Uncategorized
102ee7bc-938d-4a0e-9622-99d66b182e95,2026-01-06 21:44:26,nice üòäüëè,5,in.swiggy.android,Uncategorized
28c53e46-a73e-4012-92e4-8ce79742ae2c,2026-01-06 21:43:33,Worst App ever Just after purchasing Swiggy One Subscription The Offers from restaurant decreased to nil now . My only Advice to everyone is do not purchase their Swiggy One Subscription.,5,in.swiggy.android,Pricing and Fees (including high charges)
75a519d1-1616-42d6-afbd-a6c13f1a3641,2026-01-06 21:36:52,Good,4,in.swiggy.android,Uncategorized
4c150e55-bf1c-46f1-9b7a-eb1760e6f495,2026-01-06 21:34:15,"used to love Swiggy earlier,these days prices are way costly and delivery charges are also way higher..it's better to go out and grab the food instead of ordering via swiggy",1,in.swiggy.android,Pricing and Fees (including high charges)
67fe3eaa-0d99-4709-9b12-5e0f0e74bc21,2026-01-06 21:33:31,good,4,in.swiggy.android,Uncategorized
861aecf0-3507-4a30-8f5b-5b8a99c7bfa2,2026-01-06 21:33:10,worst app they cancelled my order and refund not given I lost 1000 rupes...I want to complaint in social media,1,in.swiggy.android,Cancellation Difficulties
0ce05347-1218-40a6-87b5-18459783d7f8,2026-01-06 21:33:08,Fast service that is amazing,4,in.swiggy.android,Uncategorized
b56c3d7e-11c2-418e-a9ec-855bd12bcca4,2026-01-06 21:32:46,yes but need fast and I need item,5,in.swiggy.android,Delivery Problems (Time & Accuracy)
1f129879-b575-4853-a9e4-e2217b32acc6,2026-01-06 21:29:12,good,5,in.swiggy.android,Uncategorized
9801c7aa-486a-48a0-ae65-d857525776d4,2026-01-06 21:28:54,ok,5,in.swiggy.android,Uncategorized
cf7d2c60-be67-4540-8f43-cc6317bd318a,2026-01-06 21:28:52,"Dinein cash utilisation is capped to only 200 per bill, whereas cashback amount is 10%. This means one can never use all the Dinein cash amount during redemption at restaurant.. And the Dinein cash will expire mandatorily, which means no value added for recurral visits to restaurants using dineout for redemption of Dinein cash amount.",1,in.swiggy.android,Pricing and Fees (including high charges)
5ed4be92-486f-4f89-a43a-95ab0eed3fb6,2026-01-06 21:28:46,very super swiggy very super,5,in.swiggy.android,Uncategorized
fc40e1c9-9e17-4581-9385-b94b5d8e1144,2026-01-06 21:24:35,not on time,1,in.swiggy.android,Delivery Problems (Time & Accuracy)
d8075dba-6497-4f87-a586-7fac01714746,2026-01-06 21:23:45,üëç,5,in.swiggy.android,Uncategorized
7121240c-14bf-4ddc-8243-41473dc0ce6f,2026-01-06 21:20:58,super,4,in.swiggy.android,Uncategorized
64a04e8e-5ec5-4c6a-9ea7-b92bcf267152,2026-01-06 21:19:07,good,5,in.swiggy.android,Uncategorized
4081471d-8782-4afc-87dd-0ce1601d9521,2026-01-06 21:18:33,payment gateway not working,1,in.swiggy.android,App Performance & Technical Bugs
e17375a4-5bee-4ac2-adc2-345a8efe0883,2026-01-06 21:17:37,"I ordered dry fruit laddoo but Restaurant sent soan Papdi and when raising complaint over email they say ""we will not be able to help"", not trust worthy application. Now before replying to this review search your email with me name and resolve",1,in.swiggy.android,Product Quality (Food & Instamart)
08d7eaa0-e674-48f0-b59f-bd16d384d40d,2026-01-06 21:15:22,okay,5,in.swiggy.android,Uncategorized
6f061594-3882-4462-8b5c-99fe9cb5ada6,2026-01-06 21:14:53,A very bad experience in this app The service is too poor please don't dwld this app,1,in.swiggy.android,Customer Service Issues
68bbdc2d-1b76-4d48-85d1-6c30f675b86c,2026-01-06 21:14:38,all offer were fake,2,in.swiggy.android,Pricing and Fees (including high charges)
805ef8b9-8eb5-4110-b509-57c55da0190f,2026-01-06 21:11:45,nice üôÇüëç,4,in.swiggy.android,Uncategorized
c892f0a3-966c-4dea-9b76-1281c0472f05,2026-01-06 21:09:16,good,3,in.swiggy.android,Uncategorized
42079f33-5e6c-4735-9a0d-487551c2f67c,2026-01-06 21:07:54,fast service,5,in.swiggy.android,Uncategorized
4fb79548-f37c-4e7b-ba6f-ace4f5437745,2026-01-06 21:04:04,thank you for solving my problem and I refer to use the Swiggy application,5,in.swiggy.android,Uncategorized
4d6152a5-a4bc-452b-a020-bdb28bfcc99b,2026-01-06 21:02:15,i never rate apps but Swiggy has been acting strange lately the product was really bad and after complaining I did not get any response and this is really unacceptable,1,in.swiggy.android,Product Quality (Food & Instamart)
26a3dcb9-7395-4c73-96e5-f4de3ae9ca12,2026-01-06 21:00:06,nice,5,in.swiggy.android,Uncategorized
e4225126-e9e8-4480-a241-e736f84d1ccb,2026-01-06 20:59:08,great app but less offer,5,in.swiggy.android,Pricing and Fees (including high charges)
f076e685-b7ec-4d75-b6d8-82d1354122d7,2026-01-06 20:58:02,Nothing to say. Awesome as always.....,5,in.swiggy.android,Uncategorized
796a8515-90d0-4336-a26e-fa11547f95c5,2026-01-06 20:56:26,nice,5,in.swiggy.android,Uncategorized
0c4a8f2a-520f-465b-8ac0-2fe69e3be9ed,2026-01-06 20:55:33,good 2 years experience,5,in.swiggy.android,Uncategorized
83a98475-13c6-4011-8951-25e7b8005d4f,2026-01-06 20:53:45,not even able to login. just says too many login attempts.,1,in.swiggy.android,App Performance & Technical Bugs
2f2912f0-a7a1-4ac7-abc8-bebc376d5831,2026-01-06 20:53:04,nice,4,in.swiggy.android,Uncategorized
a399c7dd-3182-49c4-afed-a2ee3d5d13a8,2026-01-06 20:52:48,nice,2,in.swiggy.android,Uncategorized
364da7e4-d0d7-45fd-a9df-fbbbfcf1b3ac,2026-01-06 20:47:16,nice,5,in.swiggy.android,Uncategorized
e05a6d90-16de-4761-b86d-fc490e9fece5,2026-01-06 20:47:14,good but not best,4,in.swiggy.android,Uncategorized
66ab2aa6-2a27-46b9-9b0d-fe7d939a761f,2026-01-06 20:45:54,good,5,in.swiggy.android,Uncategorized
e7c44b97-bfaa-41c4-b54a-3db32d32bbba,2026-01-06 20:45:12,ok,5,in.swiggy.android,Uncategorized
772004a4-c031-4c83-be03-8aa6a08a415b,2026-01-06 20:44:58,good,5,in.swiggy.android,Uncategorized
e496bc04-64c2-469c-8686-49639c309a8c,2026-01-06 20:43:43,good service,5,in.swiggy.android,Uncategorized
cda1d216-ee20-4daf-8141-8354023f6373,2026-01-06 20:42:14,order delayed üò§ 2 hours,1,in.swiggy.android,Delivery Problems (Time & Accuracy)
859045a5-134d-463c-b7cd-02ce6bb7e759,2026-01-06 20:41:19,besides thvfood the delivery service is slower then a turtle the would freeze the timer on the app like- my order is coming in 11 minutes since 1 hour,1,in.swiggy.android,Delivery Problems (Time & Accuracy)
9bc9ffe9-c924-47b3-8d01-a4c614e5a15e,2026-01-06 20:41:17,useful app,5,in.swiggy.android,App Performance & Technical Bugs
7159e6a5-f7f8-4b44-9ee3-dc6089d8246e,2026-01-06 20:40:50,üëç,5,in.swiggy.android,Uncategorized
f9459eb2-a507-4d7b-aeee-e80c3fff564f,2026-01-06 20:35:48,"worst experience, I got a wrong item and picture clearly shows that, you didn't provide compensation, I don't you should shut down your support team , good for nothing......",1,in.swiggy.android,Customer Service Issues
4df5cee5-6588-4025-b3b6-760dcc7bbc22,2026-01-06 20:35:46,everything else is fine but delivery is late,4,in.swiggy.android,Delivery Problems (Time & Accuracy)
436cf7ea-a00b-487c-b7d8-ed8764662435,2026-01-06 20:33:56,nice food.,5,in.swiggy.android,Product Quality (Food & Instamart)
04b525f3-8f42-484f-a04a-c9dad22cd296,2026-01-06 20:31:53,delivery in time and product is too good,5,in.swiggy.android,Product Quality (Food & Instamart)
39051a5a-7ade-4df0-86bd-9ecb2f01f87a,2026-01-06 20:30:16,very nice üëå,5,in.swiggy.android,Uncategorized
8206600e-d29a-4a68-b400-50d3b33f16f1,2026-01-06 20:27:34,good,5,in.swiggy.android,Uncategorized
641bdb20-21d6-4f62-b480-6228bad3d140,2026-01-06 20:27:15,initially it said 100 rupees discount but it was not implemented. they are lier,1,in.swiggy.android,Pricing and Fees (including high charges)
1af3182c-753b-4cb5-9832-486bbaf4a08e,2026-01-06 20:27:15,good,5,in.swiggy.android,Uncategorized
e376498d-4863-43b0-abec-c0e208987dd3,2026-01-06 20:24:51,supper,5,in.swiggy.android,Uncategorized
dfe0284c-380d-4472-b364-4fd661c3938d,2026-01-06 20:23:38,nice app is aslovs nice,5,in.swiggy.android,App Performance & Technical Bugs
b88d66cc-9b89-4dc6-b495-b36021e2494a,2026-01-06 20:22:58,Very good,4,in.swiggy.android,Uncategorized
6c11650c-d56c-46fb-8b91-130de6d277ce,2026-01-06 20:22:31,missing item,1,in.swiggy.android,Delivery Problems (Time & Accuracy)
8ae7d15e-e25a-4d57-97e3-adf986019ec1,2026-01-06 20:21:53,super,5,in.swiggy.android,Uncategorized
86f17d8f-9aa6-4c50-914b-71c4edc4a566,2026-01-06 20:20:43,good,3,in.swiggy.android,Uncategorized
ccc7c3e6-2048-4746-b7d1-b4335ba854fe,2026-01-06 20:19:33,‚ù§Ô∏è‚Äçü©π‚ù§Ô∏è‚Äçü©π‚ù§Ô∏è‚Äçü©π,5,in.swiggy.android,Uncategorized
26bfb749-b864-4eba-8b62-b4d115cd6ed6,2026-01-06 20:18:10,good üëç,5,in.swiggy.android,Uncategorized
0ef8a785-99c0-464a-9316-9f04bcbfd50b,2026-01-06 20:17:49,üòä,5,in.swiggy.android,Uncategorized
5e910b47-2a3a-4d7a-b006-18266e1d1cfe,2026-01-06 20:16:03,nice,5,in.swiggy.android,Uncategorized
1734bfe8-1a5c-4701-ab2e-af5d61fa48e4,2026-01-06 20:15:49,u guys charge high and day by day no offers at all which is useful to customers ..,1,in.swiggy.android,Pricing and Fees (including high charges)
1e28a3f9-962a-450f-be76-836f53088153,2026-01-06 20:13:50,good app,4,in.swiggy.android,App Performance & Technical Bugs
1ce7acb0-81e8-4f36-9a54-569ad24a5b1b,2026-01-06 20:11:46,good,5,in.swiggy.android,Uncategorized
cecb0a33-b763-4521-952c-0fb3543a3c5d,2026-01-06 20:09:30,best one,5,in.swiggy.android,Uncategorized
f9d50f51-8afd-4c89-ade2-41489fc6b28c,2026-01-06 20:09:17,fraudsters,1,in.swiggy.android,Customer Service Issues
b4f539d8-59e2-4c88-a3e4-d013abdeb9ea,2026-01-06 20:06:45,good,5,in.swiggy.android,Uncategorized
20b00647-a927-433a-9ef1-62ee74a1344e,2026-01-06 20:06:05,good,5,in.swiggy.android,Uncategorized
65ddb1fc-5f97-45d4-81c7-afd186bc2d73,2026-01-06 20:05:08,good,5,in.swiggy.android,Uncategorized
9b6a8413-88cd-4463-a99b-923dad76c8cd,2026-01-06 20:02:32,osm,5,in.swiggy.android,Uncategorized
725cf7db-c9d7-465a-a732-d8f003962a3e,2026-01-06 19:59:27,very good,5,in.swiggy.android,Uncategorized
c63fa308-a97f-4e6f-8aa2-e47995b36f14,2026-01-06 19:57:21,fineservice,5,in.swiggy.android,Uncategorized
f418fab0-bb84-4d78-adba-483cd3639258,2026-01-06 19:55:45,not good,1,in.swiggy.android,Uncategorized
0cf8cacd-e141-42b6-89c6-0c9ced15d231,2026-01-06 19:51:47,best ü•≥ü•≥,5,in.swiggy.android,Uncategorized
0631601e-4ff2-4348-ad91-4e69ab696de6,2026-01-06 19:51:05,"customer service these days is quite disappointing. It seems like every interaction is handled by a bot, which is quite frustrating. The late replies and lack of assistance from customer service representatives are particularly disheartening. It's clear that customer support is none from swiggy. I hope companies can improve their customer service. ps-i did email you but still swiggy is not accepting his mistake despite clear evidences on photos as always.pathetic service",1,in.swiggy.android,Customer Service Issues
e9a55315-45a7-48c9-83e4-d4015782185e,2026-01-06 19:48:53,superb,5,in.swiggy.android,Uncategorized
06333166-cc91-4f05-a8d0-5d0675949662,2026-01-06 19:48:36,very good,5,in.swiggy.android,Uncategorized
1cb73779-d411-4875-8a40-f08fc7fd5df5,2026-01-06 19:48:09,worst quality Instamart goods.. I ordered 30 eggs and I got 6 broken eggs and som of eggs got fungi and some colour change.. worst quality and packing .. and I got no help from Swiggy.. worst experience.. is there any chance to give zero stars.. I hate Swiggy..,1,in.swiggy.android,Product Quality (Food & Instamart)
11d08739-5bb0-4490-9c50-7b43c254bcbd,2026-01-06 19:44:31,"Don't like the recent update to the Swiggy App... Food search no longer gives the option to view results restaurants as well as dishes. This used to be so convenient, to quickly view dishes that met the search criteria with a quick scroll, without needing to click into EACH restaurant to see if they even have what you are looking for. Not in the least user friendly :((( suggest roll back to search results they way they used to be.",1,in.swiggy.android,App Performance & Technical Bugs
7b28d645-4b9a-4ea7-b01f-a034473bebb8,2026-01-06 19:43:44,super,5,in.swiggy.android,Uncategorized
d52114fd-c003-44e7-8385-7c6f081b2a82,2026-01-06 19:43:41,excellent,5,in.swiggy.android,Uncategorized
6fef076f-7f2d-4e03-97ea-3bbe9226d31d,2026-01-06 19:42:53,good,5,in.swiggy.android,Uncategorized
f3b4c829-1792-47e3-8d76-e45d21b4c22e,2026-01-06 19:40:55,best,5,in.swiggy.android,Uncategorized
36a9f5cc-9c96-4a9a-a310-658970aec7df,2026-01-06 19:40:27,nice food nd nice delivery,5,in.swiggy.android,Product Quality (Food & Instamart)
a2d4cfba-5967-4057-9510-06ec06cdce6d,2026-01-06 19:40:08,good,4,in.swiggy.android,Uncategorized
8b6dd165-9076-499c-9b47-0d55baa25c38,2026-01-06 19:39:05,good,4,in.swiggy.android,Uncategorized
c898098e-d3a5-454d-bdec-7cc5e82f6419,2026-01-06 19:38:16,good,5,in.swiggy.android,Uncategorized
60af145f-965b-4d67-a1d7-eb8816eece58,2026-01-06 19:38:07,pramoyam food,5,in.swiggy.android,Product Quality (Food & Instamart)
3790d0fa-423e-4ae2-a69c-95cc0e8d13e0,2026-01-06 19:37:03,"worst, I wanted to give minus stars for this. They accept order even if payment is not completed. If we want to cancel the order, there is no cancellation option in the app. When I ask customer support to cancel my order then they will ask for 100% cancellation fee. This is a total scam where eventually the customer will have to pay in either of the scenarios. Why it is accepting order even when the payment is not even completed. I will never ever use this app again in future. Scam delivery app.",1,in.swiggy.android,Cancellation Difficulties
9607af2f-7b1e-4cb6-a286-aeddcb49c685,2026-01-06 19:35:27,"Deserves 0 stars, the restaurant had cancelled my order and Swiggy refused to give me a refund despite the restaurant cancelling the order.",1,in.swiggy.android,Customer Service Issues
5e033bc3-0266-457e-a195-d612a2538b13,2026-01-06 19:29:14,good,4,in.swiggy.android,Uncategorized
12f02a52-4917-4135-a1c2-6893b7c93e21,2026-01-06 19:25:34,bhut acha hai,3,in.swiggy.android,Uncategorized
2d12d171-e2b0-4a8a-b88e-a663479f0045,2026-01-06 19:24:51,Very disappointed with Swiggy. Late delivery and cold food. Not worth the money.,1,in.swiggy.android,Delivery Problems (Time & Accuracy)
7a5595ff-ff4c-4a88-9078-b4ddbf434157,2026-01-06 19:17:36,awesome service,4,in.swiggy.android,Uncategorized
809eb7a1-3bc8-42b0-93e0-9ced59cba98b,2026-01-06 19:16:10,the app is very good you should read this app 5 out of three or four because none of the app is very good to get 5 out of five because none of the app is perfectly good üòä.,3,in.swiggy.android,Uncategorized
9fa0bd6b-48a7-4d8d-b0e0-213df2a22f83,2026-01-06 19:15:29,less offers,1,in.swiggy.android,Pricing and Fees (including high charges)
528c3527-6363-4fb8-a214-6d1ca4ad7c46,2026-01-06 19:12:49,good,5,in.swiggy.android,Uncategorized
cb7794f2-c004-4ad1-8266-bfbf6c690939,2026-01-06 19:09:09,good for long distance,2,in.swiggy.android,Uncategorized
a14bafc7-2d39-4a69-80d1-da14b7a8d919,2026-01-06 19:06:01,good,4,in.swiggy.android,Uncategorized
ca8db407-2050-4c2d-becf-9e6f5b95ce78,2026-01-06 19:02:10,worst delivery service always late and no proper response from the team.,1,in.swiggy.android,Delivery Problems (Time & Accuracy)
623a58e6-1863-4e36-9e42-2426616ea65b,2026-01-06 19:00:34,good delivery,3,in.swiggy.android,Uncategorized
5c6fb3b1-7c15-43bc-b645-3f3595b16fcb,2026-01-06 18:56:04,it's good,5,in.swiggy.android,Uncategorized
1edbaef9-29a9-41b0-bd73-82f5211e28a5,2026-01-06 18:55:25,good,5,in.swiggy.android,Uncategorized
19e46d9c-60b6-4a04-86d8-c05e0fa69ba2,2026-01-06 18:53:34,good,5,in.swiggy.android,Uncategorized
e3115ec1-f414-40b8-9ab8-295e221742ce,2026-01-06 18:53:32,bad,1,in.swiggy.android,Uncategorized
46b28441-1f8b-4a73-8298-38fce336d7d8,2026-01-06 18:49:39,Very useful app for ordering in .,5,in.swiggy.android,Uncategorized
cfd4f753-194a-4a94-bc2c-82080ef54cdb,2026-01-06 18:46:44,don't use Instamart expered product,1,in.swiggy.android,Product Quality (Food & Instamart)
ae588158-b786-4251-9a28-1019c6f6603f,2026-01-06 18:45:41,average,1,in.swiggy.android,Uncategorized
0aacc2bb-4c7b-4487-a3e2-be55d5e72fb4,2026-01-06 18:40:47,"very pathetic you Swiggy people, deliver BEEF , from delivery partner's. irrespective of their consent....very disturbing.",1,in.swiggy.android,Product Quality (Food & Instamart)
987747d6-d98e-4bd8-b9e8-3e03f74d1cac,2026-01-06 18:40:11,"worst app for delivery, so many delayed order , and even if I missed an item in the order it didn't solve the problem and told me to send an email , no response to email or anything , once this used to be so good , but now it's not .",1,in.swiggy.android,Customer Service Issues
1ec76931-47cc-43ec-923d-cb6d90c23f42,2026-01-06 18:38:30,very bad app üòï this app food ü§Æ,1,in.swiggy.android,Product Quality (Food & Instamart)
60afbb4d-7a99-4309-aef7-67e9a4aa689c,2026-01-06 18:34:33,worst order app. has some great offers but the delivery takes more than 1.5hrs even for 7kms. and the order is always delayed. no cancellation option. no cooperative staff. nothing. order gets cancelled anytime without your option and no compensation nothing. please try zomato or any order food app not Swiggy,1,in.swiggy.android,Delivery Problems (Time & Accuracy)
a043b47c-3a1c-46c9-a72b-fabf9179826a,2026-01-06 18:34:02,fantastic everything üòç,5,in.swiggy.android,Uncategorized
7f5081eb-b071-4f65-ac36-778bc2075db3,2026-01-06 18:33:54,nic,4,in.swiggy.android,Uncategorized
1dd8e1d5-4712-44f1-975a-c2a1b48129b2,2026-01-06 18:32:10,"I ordered a meal on the 5th, the order was accepted, the delivery boy called me and said he couldn't deliver your meal because the company wasn't paying me much. On the 6th morning, I noticed that my meal wasn't with me.",1,in.swiggy.android,Delivery Problems (Time & Accuracy)
5eded693-d8d0-4046-96cc-a371769fda10,2026-01-06 18:31:27,ok,5,in.swiggy.android,Uncategorized
620a880c-667b-48df-9280-673163d38d02,2026-01-06 18:31:08,nice,5,in.swiggy.android,Uncategorized
4e3e1847-b6f1-4e60-a97b-b4440324fb37,2026-01-06 18:30:40,superb,5,in.swiggy.android,Uncategorized
e9569983-2c21-4af1-a3bc-c0cde654461b,2026-01-06 18:28:03,super,5,in.swiggy.android,Uncategorized
daac4a0e-c710-4f96-90c7-71e3cbe1bcaa,2026-01-06 18:27:05,"worst customer care support . I had rated 5 star , changed to 1 star on 06.01.26",1,in.swiggy.android,Uncategorized
3af295a0-6bd8-43b5-828e-480a618ecb6e,2026-01-06 18:26:55,"This is the worst food delivery app ever! Most of the time they don't deliver food on time, even after having black membership. And their response is pathetic!!",1,in.swiggy.android,Delivery Problems (Time & Accuracy)
aa3f2d74-9544-46d7-ab2e-3440f2caac9d,2026-01-06 18:23:51,good,5,in.swiggy.android,Uncategorized
f4482b2a-894e-4125-a443-4ea52a7cc8ff,2026-01-06 18:22:46,super akka,5,in.swiggy.android,Uncategorized
93a97cd2-5459-4c86-b085-f3d8bb34aff6,2026-01-06 18:20:36,wow,5,in.swiggy.android,Uncategorized
acfe0507-0e03-4c16-9cf0-cdcc77c32640,2026-01-06 18:15:09,worst app. cancellation fee üíØ % of order amount. worst customer care service too,1,in.swiggy.android,Cancellation Difficulties
d4658469-9079-4430-b77d-7188e2d04fcd,2026-01-06 18:14:13,very nice,5,in.swiggy.android,Uncategorized
6c3cadb8-5865-46e6-9913-459e4bc366b8,2026-01-06 18:14:05,it's nice,5,in.swiggy.android,Uncategorized
a4e7603d-628a-4919-9b1e-3b2808314037,2026-01-06 18:13:48,good üëç,5,in.swiggy.android,Uncategorized
aba20d0d-bfd0-48fb-bb1c-f8b008a514e7,2026-01-06 18:12:02,jabardast,5,in.swiggy.android,Uncategorized
8f7cd230-498f-420d-9a32-82c3d1a93bc2,2026-01-06 18:08:00,Good,5,in.swiggy.android,Uncategorized
74e02e04-8d7a-4489-955e-6c5ca801bad7,2026-01-06 18:05:36,good,5,in.swiggy.android,Uncategorized
5c90bae1-46e8-4e0a-992b-18002c9746da,2026-01-06 18:00:50,Platform fee + delivery charges+ tax = Too much,3,in.swiggy.android,Pricing and Fees (including high charges)
ec7e60cc-e22b-4a21-be4c-7149dba026d8,2026-01-06 18:00:29,üëç,4,in.swiggy.android,Uncategorized
f8493bc6-ad76-45b6-a77c-f3ff8927fbad,2026-01-06 18:00:26,good,4,in.swiggy.android,Uncategorized
52177ca1-e71c-4dfa-894a-04e75245241d,2026-01-06 17:59:46,good,5,in.swiggy.android,Uncategorized
2e330004-d4aa-4c16-ab57-86869ef3d52f,2026-01-06 17:57:18,good,4,in.swiggy.android,Uncategorized
3af0657b-e015-4fcf-8306-bc793a91e2c0,2026-01-06 17:54:37,good Idea Swiggy,5,in.swiggy.android,Uncategorized
2199c1e1-b411-435f-bbef-b36a685da8f4,2026-01-06 17:47:45,no waste of time very good instamartü•≥ü•≥ü•≥üëåüèª,5,in.swiggy.android,Uncategorized
fdd2ec34-eedb-45fb-b68e-8b937fbbd965,2026-01-06 17:44:36,fast,5,in.swiggy.android,Uncategorized
431d27de-dd4b-46ad-bb54-8734f3af1006,2026-01-06 17:38:57,very bad service,1,in.swiggy.android,Customer Service Issues
77eae132-dbba-4902-83aa-d66f62aadea8,2026-01-06 17:35:06,good service,5,in.swiggy.android,Uncategorized
7462b4b3-f710-49c4-b180-cf9c3ea870a0,2026-01-06 17:34:06,nice,1,in.swiggy.android,Uncategorized
bfc35e30-ce00-460b-aa3c-b7245c85ba63,2026-01-06 17:29:36,nice,5,in.swiggy.android,Uncategorized
91af5d3d-ffac-42a5-b604-fa1112c75cba,2026-01-06 17:25:35,customer support is worst.,1,in.swiggy.android,Customer Service Issues
92587588-963b-41a2-a006-215f6b1898a2,2026-01-06 17:25:35,osm,5,in.swiggy.android,Uncategorized
4701dff1-fd08-45d9-9c71-49e31e96b915,2026-01-06 17:23:15,nice offers,3,in.swiggy.android,Uncategorized
54167ee3-70e2-4733-9386-cd8c840f9a79,2026-01-06 17:21:58,delivery charges are too high.This is india and not west.,1,in.swiggy.android,Pricing and Fees (including high charges)
e2fb2342-66a0-4083-9758-a4679cf50020,2026-01-06 17:21:44,very good,5,in.swiggy.android,Uncategorized
5df521b2-6cbd-4d73-b589-f92ba03ba6b5,2026-01-06 17:20:02,good,5,in.swiggy.android,Uncategorized
f1413098-48da-4769-8179-97b316c0d5ed,2026-01-06 17:18:16,best sellers üòÅ,5,in.swiggy.android,Uncategorized
fccd23b4-c3ef-4f1d-96be-82d22c332b72,2026-01-06 17:17:24,it is confusion to select the order and quantity,4,in.swiggy.android,App Performance & Technical Bugs
40435371-6fdd-457b-80f1-f3a16c3d91cb,2026-01-06 17:14:43,"Waited over an hour for my order, only for Swiggy to cancel it. Customer support was completely unhelpful, failed to understand the issue, and kept asking me to email instead of resolving it on chat. They even refused to end the chat despite multiple requests, clearly to avoid feedback. Very disappointing service.",1,in.swiggy.android,Delivery Problems (Time & Accuracy)
83bb7c01-699b-4d9e-b883-41b0d25ec3f5,2026-01-06 17:11:47,gud,4,in.swiggy.android,Uncategorized
f1d76224-2d06-4f33-9eb9-46f66bf8fef0,2026-01-06 17:03:23,Customer support sucks they charged me 397rs for cancelation unnecessary i contacted the restaurant they told me none of the food was wasted,1,in.swiggy.android,Cancellation Difficulties
f0d0853a-fdc6-40ec-9ca3-9282ee5907aa,2026-01-06 17:03:22,good,5,in.swiggy.android,Uncategorized
75c56141-aec7-40d5-9c50-df2edcba8fc2,2026-01-06 16:49:33,keep more offers,4,in.swiggy.android,Uncategorized
ac9649c4-e4f2-4af3-a12e-5557cd90eae1,2026-01-06 16:46:19,nice,3,in.swiggy.android,Uncategorized
57a01893-6499-4be9-8edc-845d65a7e354,2026-01-06 16:45:02,good,5,in.swiggy.android,Uncategorized
f16fd3c4-255a-404b-abd9-a0db6e16c88f,2026-01-06 16:40:43,cash on delivery is not available Instamart,1,in.swiggy.android,Uncategorized
117d6140-e61c-4fcc-b5eb-9a8ff6cfc2c9,2026-01-06 16:38:35,excellent,5,in.swiggy.android,Uncategorized
82d63e6e-e3bc-419d-8468-7a92b60c09a8,2026-01-06 16:37:19,but sometimes order is delay,4,in.swiggy.android,Delivery Problems (Time & Accuracy)
0e268814-3710-4c56-a470-5cc9ab716582,2026-01-06 16:36:42,very nice üëå,5,in.swiggy.android,Uncategorized
88f61065-ea5a-4a10-9332-d17b8a75fff4,2026-01-06 16:34:08,good,3,in.swiggy.android,Uncategorized
83c44f58-c100-4ef2-bf36-3663476feeda,2026-01-06 16:30:47,very bad service,1,in.swiggy.android,Customer Service Issues
68314cac-dfc8-43cf-8d23-aad3ec2a0b65,2026-01-06 16:29:25,ok,5,in.swiggy.android,Uncategorized
50b5498c-2d99-41a9-9db8-0f2713e28791,2026-01-06 16:29:15,bad experience not good food deleiver,1,in.swiggy.android,Product Quality (Food & Instamart)
29d821fd-bda3-4168-aa38-480d14bf8a83,2026-01-06 16:27:20,bohot mehega hai,2,in.swiggy.android,Pricing and Fees (including high charges)
5616b3b3-6c54-42b7-a813-7dde6a0e033e,2026-01-06 16:14:59,good,3,in.swiggy.android,Uncategorized
fb1ad538-aa4b-47c3-822d-1664db66e694,2026-01-06 16:13:07,good,5,in.swiggy.android,Uncategorized
f310b5f9-9f8b-42bf-894d-71b9fdc18f7c,2026-01-06 16:09:50,I have to stay hungry for that day in train,1,in.swiggy.android,Delivery Problems (Time & Accuracy)
c17e141d-9f06-4924-a1d2-8c843e04dacf,2026-01-06 16:05:26,good,5,in.swiggy.android,Uncategorized
3e7727af-9c76-43ad-bfd0-869810413ee7,2026-01-06 16:03:05,good one swiggy,4,in.swiggy.android,Uncategorized
eff6fc80-8c0c-4810-96ba-96d6aba7f1d0,2026-01-06 15:59:53,good üëç,5,in.swiggy.android,Uncategorized
42ecb51a-992e-4c37-a140-2fb34f38dc29,2026-01-06 15:50:31,good,5,in.swiggy.android,Uncategorized
9603143f-ae66-4547-ae2f-2dfb4898fbd5,2026-01-06 15:49:55,worst customer service and support,1,in.swiggy.android,Customer Service Issues
89919e39-8bb5-465a-80b1-359f3218e9a2,2026-01-06 15:43:21,very good,5,in.swiggy.android,Uncategorized
87c54fae-e8ec-4469-833c-f7159a69f58b,2026-01-06 15:38:08,Amazing,5,in.swiggy.android,Uncategorized
dea2a90e-4059-4532-9406-c10d66fcf4a4,2026-01-06 15:31:47,good üíØ,5,in.swiggy.android,Uncategorized
efde5d42-db83-4ef4-8f68-bec7a333a11f,2026-01-06 15:31:27,"The most pathetic unhelpful staff and unhelpful app l, will never use again",1,in.swiggy.android,Customer Service Issues
cd536f01-8ceb-4814-a27a-d5fa1ce32465,2026-01-06 15:30:41,ok job,5,in.swiggy.android,Uncategorized
cb67e288-fcfe-46c6-9824-cb99b0d3f89e,2026-01-06 15:29:04,very niceüëç,5,in.swiggy.android,Uncategorized
ca755abd-0cbf-47b7-ba53-593546b45d3f,2026-01-06 15:27:43,good,5,in.swiggy.android,Uncategorized
9ee3c2a7-d5cf-4eab-9b2c-b9fd92ddd62c,2026-01-06 15:27:16,nice work done üëç‚úÖ,5,in.swiggy.android,Uncategorized
748a47ce-63a0-4572-90f4-9782e055effa,2026-01-06 15:24:20,good,5,in.swiggy.android,Uncategorized
7daf8e80-72dc-441e-8046-0e66e6dc8b8b,2026-01-06 15:20:44,üëçüëç,5,in.swiggy.android,Uncategorized
cde44202-fa63-4f62-a977-77d8f995fb7a,2026-01-06 15:17:21,good,3,in.swiggy.android,Uncategorized
9e9a5865-6728-47dc-8856-f43420c280d8,2026-01-06 15:16:44,bring back human customer support at first level instead of stupid automated bots. Customers closing issues out of disgust doesn't mean 100% success.,2,in.swiggy.android,Customer Service Issues
678f104a-f3a7-49da-be40-7938c18f9613,2026-01-06 15:15:30,good taste more restarent delivery person good,5,in.swiggy.android,Uncategorized
a3a423de-b86e-4171-a805-ac3b29b33262,2026-01-06 15:09:08,I have received spoilaged food and no reply is given from Swiggy despite multiple reminder through multiple modes.,1,in.swiggy.android,Product Quality (Food & Instamart)
9bfb2762-e352-4a0f-ab24-4ed09ac5b30a,2026-01-06 15:08:52,Deleivery is very good üíØ,5,in.swiggy.android,Uncategorized
287f54c4-4450-4237-a1aa-558228df89f8,2026-01-06 15:08:26,not value for money,2,in.swiggy.android,Pricing and Fees (including high charges)
67cc2e8c-cb6a-48b9-a1de-362d5e5af4d5,2026-01-06 14:58:56,best aap,5,in.swiggy.android,Uncategorized
00219cf2-0307-4476-b076-76daf019e7ec,2026-01-06 14:58:16,very bad.,1,in.swiggy.android,Uncategorized
433e7e70-b9b8-4e56-83c1-8a58df2f1f0d,2026-01-06 14:58:16,super,5,in.swiggy.android,Uncategorized
d1897503-ef08-440b-992a-44d82b85470c,2026-01-06 14:57:38,good service,5,in.swiggy.android,Uncategorized
fe50e654-2528-4818-9500-6f0326eddbff,2026-01-06 14:55:08,nice,5,in.swiggy.android,Uncategorized
a04c8dc4-a8f3-4bfd-87d0-9cc215680c11,2026-01-06 14:52:21,good üëç,4,in.swiggy.android,Uncategorized
f39bb6ba-504e-4536-a8f0-8e76ca5d5d45,2026-01-06 14:45:28,good,5,in.swiggy.android,Uncategorized
7fbf070a-07c8-4397-acfa-8cc81dceec0f,2026-01-06 14:45:08,not cancelling my order that they themselves placed,1,in.swiggy.android,Cancellation Difficulties
736a13eb-c451-4571-b110-1450e0a801da,2026-01-06 14:44:38,Nice,5,in.swiggy.android,Uncategorized
eb5a1ae8-e4cd-47ed-a78d-b6ab7b0692ec,2026-01-06 14:38:19,cool,5,in.swiggy.android,Uncategorized
a83fbd4e-bf77-401f-b3f5-6ee2a9d02d7c,2026-01-06 14:36:51,Swiggy delivered n wrong order n they r not helping me with d issue simply dodging d question n making it difficult for us to reach out to them.. i paid a larger sum for a order that was v less priced d managers dirn seem to help or assist n they take all d details n just wrap d conversation .pls watch out guys .service is not like before.not helpful or professional at all . Swiggy not helping.. excessively salty food they just ignored by giving excuses i paid d full money n not able to eat it,1,in.swiggy.android,Delivery Problems (Time & Accuracy)
4042301b-1758-45af-a53a-3ae812162d7a,2026-01-06 14:36:06,good üëç,4,in.swiggy.android,Uncategorized
e5ec4e4f-e5d4-4288-bde5-f5f18b766fe3,2026-01-06 14:33:03,good,5,in.swiggy.android,Uncategorized
dff3d1c9-ed93-4bd4-972b-0d18153d6fe9,2026-01-06 14:31:31,good üëç,5,in.swiggy.android,Uncategorized
93f8aff1-e851-40db-af01-030d3507cbc7,2026-01-06 14:29:34,very useful app,5,in.swiggy.android,Uncategorized
ac862c65-cef9-4260-baf3-703b42604a99,2026-01-06 14:28:09,nice food delivery app,5,in.swiggy.android,Uncategorized
fdb655b5-1b2a-4777-8f8f-ee39b752367a,2026-01-06 14:26:52,superb,5,in.swiggy.android,Uncategorized
92de1109-b04e-4ef0-b175-493126a3d7b7,2026-01-06 14:24:46,Nice,5,in.swiggy.android,Uncategorized
32626464-84aa-4d31-8ead-df65a22f490f,2026-01-06 14:23:47,nice,4,in.swiggy.android,Uncategorized
e1ba4503-9e15-4dd1-a65e-182791137cac,2026-01-06 14:23:46,superb,5,in.swiggy.android,Uncategorized
0198d365-72cf-4b79-be36-0a404d89c394,2026-01-06 14:23:19,good üëç,5,in.swiggy.android,Uncategorized
d1d4341c-982f-487c-afa4-b938743b1415,2026-01-06 14:23:08,Mast Hai,4,in.swiggy.android,Uncategorized
60b54fbb-ffd6-4820-890a-d2059f19e942,2026-01-06 14:21:50,good,5,in.swiggy.android,Uncategorized
edb7eb51-0189-4c5d-9478-10ced2ef18ce,2026-01-06 14:21:45,great experience,5,in.swiggy.android,Uncategorized
0674727e-5df5-4feb-af10-db967eb306e0,2026-01-06 14:21:01,you either name it as quarter biriyani. Making fun of customers by titling is as a discount offer... üòÇso shame of u swiggy.,1,in.swiggy.android,Pricing and Fees (including high charges)
0a8c230b-c21d-48d0-9311-c73efb90d8b4,2026-01-06 14:19:21,Good,5,in.swiggy.android,Uncategorized
fac7eedc-a96e-467f-9efd-f5e708b6db63,2026-01-06 14:17:59,good,3,in.swiggy.android,Uncategorized
6528b09e-8e7c-4608-b54b-d9ba2d385614,2026-01-06 14:15:37,nice üôÇ,4,in.swiggy.android,Uncategorized
efc134dd-8d79-4c4e-9c65-f7a400194b7d,2026-01-06 14:14:20,worst service 15 minutes order not yet delivered even in 1 hour... should improve the service or leave the market foreverüôè,1,in.swiggy.android,Delivery Problems (Time & Accuracy)
29ce7d5a-cea2-4616-b1e2-3c8fcbf3af48,2026-01-06 14:12:46,"Swiggy should improve its app features. I was just checking fee difference between different payment methods and as i clicked COD order placed, you can confirm at leastonce after that. More than that when i cancelled within 1 sec they denied and no option for call. Now keep sending delivery no when is at the address and i will not order again via swiggy.",1,in.swiggy.android,App Performance & Technical Bugs
0e2320e0-41dc-4d02-8aea-f1cde005240b,2026-01-06 14:11:44,Good üëç,5,in.swiggy.android,Uncategorized
aaa19ce7-0ce1-4fbe-9b68-3fa9998878c8,2026-01-06 14:01:11,excellent,4,in.swiggy.android,Uncategorized
e8052771-7405-4ede-8fce-20ac793cea23,2026-01-06 14:00:49,good,1,in.swiggy.android,Uncategorized
bdea9dfb-bf3d-4207-a734-88343f24c654,2026-01-06 14:00:40,"It is Very High Price Of all The Products In Instamart. In Market Oil Price where 2200rs and In instamart it was around 2355 rs. And After That Delivery Charges , GST , Surge Charge . For Convience Swiggy charged around 250 extra in just one oil tin.",1,in.swiggy.android,Pricing and Fees (including high charges)
80da3d06-aaff-4ea6-a1e6-099c65e59330,2026-01-06 13:56:30,well üëç,5,in.swiggy.android,Uncategorized
d1a5e4a2-16f8-4270-8db4-6338d74a74cc,2026-01-06 13:54:47,worst app don't buy any thing from Instamart.. they always send expired and cheap quality products.. if we are trying to convey the issue they won't respond properly.. even they won't take back the their products also.. I have ordered konjac rice they sent expired rice i have raised complaint against it.. but they are simply saying it has shelf life so we won't take back.. they hide expiry date with some other stickers. even I have updated pics and videos too.. they are simply saying we won't,1,in.swiggy.android,Product Quality (Food & Instamart)
5769d9b2-280a-409e-a71b-1213765a97a9,2026-01-06 13:49:23,good,5,in.swiggy.android,Uncategorized
4fb904dc-5e5f-4e12-8a6c-1ff5293c8bab,2026-01-06 13:47:28,Best,5,in.swiggy.android,Uncategorized
e9c72f15-9818-4e0f-8d48-66884bb0090c,2026-01-06 13:40:32,login problem too much,1,in.swiggy.android,App Performance & Technical Bugs
41b7117e-ad4d-479b-9626-ffefd5e40f2e,2026-01-06 13:40:25,good,3,in.swiggy.android,Uncategorized
319a4315-db16-4177-b0ae-dc6912b87342,2026-01-06 13:37:26,good,5,in.swiggy.android,Uncategorized
c8a56141-ff54-46df-a85a-f17f07cb5429,2026-01-06 13:35:37,good app,5,in.swiggy.android,Uncategorized
40a5405d-5973-4839-8c02-0084a5203fdb,2026-01-06 13:32:52,Worst technical team and support team. Was one of the early adopters of Swiggy Instamart. Now there's a bug in their app and for any offer or rewards always the minimum amount in cart page shows 1999 unlike welcome offer. I have raised in help and mail. No use. Just horrible team.,1,in.swiggy.android,App Performance & Technical Bugs
67d3d093-76e4-436e-83f7-98484dff8c43,2026-01-06 13:31:45,food taste very good üòã,5,in.swiggy.android,Uncategorized
00dd0bcd-5fde-44f9-9241-331d58d00417,2026-01-06 13:29:19,total froud worst app.full itam not delivered,1,in.swiggy.android,Delivery Problems (Time & Accuracy)
785667ac-6e09-42bf-ba2b-b157a17b355f,2026-01-06 13:29:04,good,5,in.swiggy.android,Uncategorized
c66b6a17-116d-45f6-8ee6-c9253ed024c1,2026-01-06 13:28:42,good üëç,5,in.swiggy.android,Uncategorized
a681e86b-594f-44d4-a06d-98cd32fa6232,2026-01-06 13:27:42,super service,5,in.swiggy.android,Uncategorized
b885820f-8388-44cd-976d-d9a74bde2d90,2026-01-06 13:22:25,very good Swiggy,5,in.swiggy.android,Uncategorized
6c4f9131-04f3-4bee-ac99-1a8d867ceb26,2026-01-06 13:21:46,very poor service,1,in.swiggy.android,Customer Service Issues
2f29cb95-8f45-44f5-806d-db17eb232610,2026-01-06 13:21:34,good,5,in.swiggy.android,Uncategorized
975ea463-bcd0-4dfa-b229-ed96178ad229,2026-01-06 13:21:04,Hi chef Glad to you ü§§ü§§ü§§ü§§,5,in.swiggy.android,Uncategorized
34fd29a3-7073-47e0-bd6a-bbcfea9305df,2026-01-06 13:19:54,app is awesome,5,in.swiggy.android,Uncategorized
fc2e432a-3282-4410-83a2-4710e20f11a7,2026-01-06 13:16:07,good,5,in.swiggy.android,Uncategorized
e41fdcd1-49b5-4d1e-bf6d-015e7256fe11,2026-01-06 13:01:04,good,5,in.swiggy.android,Uncategorized
788c84fb-c9c4-45fe-981e-d6dcd772630e,2026-01-06 13:00:06,Worst Customer service... dont get fooled by the advertisements,1,in.swiggy.android,Customer Service Issues
